Noise,N,0
0.0,100,9.985659043078846e-05
0.001,100,0.09278420269037267
0.0,200,9.998713547190526e-05
0.001,200,0.013579213456582726
0.0,400,0.006040588352784556
0.001,400,0.037946371570603495
0.0,800,0.00027557046555685955
0.001,800,0.002719476194331334
0.0,1600,0.0002052557447637846
0.001,1600,9.283434585405592e-05
