Noise,N,0
0.0,100,-121.9759071769587
0.001,100,-118.1204752912694
0.0,200,-235.772956773448
0.001,200,-221.96419340440838
0.0,400,-421.9690169737068
0.001,400,-450.7161797161503
0.0,800,-385.4290694782354
0.001,800,-648.8483315538929
0.0,1600,-881.2466228831507
0.001,1600,-505.35246737611794
