Noise,N,0
0.0,100,0.9478560960680864
0.001,100,0.7891043808688296
0.0,200,0.906877677934552
0.001,200,0.9018137593075676
0.0,400,0.9463952139213084
0.001,400,0.8608562780198556
0.0,800,0.8325701164627106
0.001,800,0.8429827989201814
0.0,1600,0.7635099991161718
0.001,1600,0.7546979947582271
