Noise,N,0
0.0,100,0.290816916644074
0.001,100,0.559640130658289
0.0,200,0.7729267512640512
0.001,200,0.7507978688603971
0.0,400,0.7322884204209434
0.001,400,0.7162818240601899
0.0,800,0.5913702088392196
0.001,800,0.6585970914259288
0.0,1600,0.6787569539872769
0.001,1600,0.6495297120102335
