Noise,N,0
0.0,100,0.006041469889180018
0.025,100,0.710682468859924
0.0,200,0.2265735669406689
0.025,200,0.02369012257887041
0.0,400,0.007704354848122746
0.025,400,0.0065067665693132725
0.0,800,0.0007498686087234465
0.025,800,0.0021589448972248637
0.0,1600,2.9530248060443707e-05
0.025,1600,0.0010693248797103623
