Noise,N,0
0.0,100,0.9361831665288892
0.001,100,0.5864179635928652
0.0,200,0.6815617666613286
0.001,200,0.8523214619518154
0.0,400,0.8832319727490765
0.001,400,0.8882657550801003
0.0,800,0.7945988570385729
0.001,800,0.8696817829309602
0.0,1600,0.7654504378983489
0.001,1600,0.6392523824619566
