Noise,N,0
0.0,100,0.6639512382306633
0.001,100,0.5029336046607251
0.0,200,0.41448942234812
0.001,200,0.3874169108180995
0.0,400,0.4150050328500461
0.001,400,0.3829045718754095
0.0,800,0.30578222399221944
0.001,800,0.34005891085465817
0.0,1600,0.33732627226363754
0.001,1600,0.2979827278406169
