Noise,N,0
0.0,100,1e-06
0.001,100,0.3512214183186831
0.0,200,0.22825732876298496
0.001,200,0.096578606550369
0.0,400,0.00018328454946242188
0.001,400,0.02899503201231995
0.0,800,4.512392583672624e-05
0.001,800,0.0035024747437870647
0.0,1600,9.069143350661044e-05
0.001,1600,3.0714233177381224e-06
