Noise,N,0
0.0,100,-134.09331133665157
0.025,100,-139.30093326115718
0.0,200,-274.05300758030234
0.025,200,-277.2297148585814
0.0,400,-561.7662536101976
0.025,400,-565.5675884793454
0.0,800,-1114.461191481471
0.025,800,-1122.8566546045492
0.0,1600,-2267.684742354968
0.025,1600,-2250.659884583104
