Noise,N,0,1
0.0,100,0.03441842276199982,0.10098599763266528
0.001,100,0.5719087148517132,3.853823659176464
0.0,200,0.7718592757531287,1670.5208870387787
0.001,200,0.7357439888514181,2.4563314741249247
0.0,400,0.4297535022325953,0.5023745616741494
0.001,400,0.8149356082973959,2.8914813486371025
0.0,800,0.740933626039333,2.7567589123749308
0.001,800,0.3410886089270412,1.2921459538536113
0.0,1600,0.7788056825059695,2.969281752644092
0.001,1600,0.7828151839029478,0.8468386048952121
