Noise,N,0
0.0,100,0.9946448798330644
0.001,100,0.5808843031303145
0.0,200,0.4128108890945197
0.001,200,0.44082207684900176
0.0,400,0.795289419232883
0.001,400,0.5632533328401008
0.0,800,0.6843816232647616
0.001,800,0.6921978638596259
0.0,1600,0.639755986375713
0.001,1600,0.5313429071667166
