Noise,N,0
0.0,100,-123.96276717967024
0.001,100,-105.36019073254707
0.0,200,-222.12543530160028
0.001,200,-222.0592314401501
0.0,400,-312.96827393856364
0.001,400,-420.38418590414574
0.0,800,-120.43872009495672
0.001,800,-686.1775535320127
0.0,1600,-602.2701182664485
0.001,1600,-1317.812977150857
