Noise,N,0
0.0,100,-137.024380617838
0.001,100,-105.38725593176062
0.0,200,-220.93066048472141
0.001,200,-222.2634211320617
0.0,400,-495.5707789146745
0.001,400,-432.8845731968831
0.0,800,-854.7024012339263
0.001,800,-990.9070563043583
0.0,1600,-1696.4554816492166
0.001,1600,-1632.9200423655955
