Noise,N,0
0.0,100,1.0005612131663734e-06
0.001,100,0.3578446947698254
0.0,200,0.4897509925170986
0.001,200,0.4735174769976628
0.0,400,0.21897468953802296
0.001,400,0.4664397879581956
0.0,800,0.463627306220193
0.001,800,0.22935980729961394
0.0,1600,0.4691098134047376
0.001,1600,0.4194611979270115
