Noise,N,0
0.001,100,0.010459241505113402
0.0,100,0.001728492339675326
0.001,200,0.007259788499227906
0.0,200,0.009580819572882662
0.001,400,0.0018146671306155649
0.0,400,0.0051815780306024364
0.001,800,0.009600785912770136
0.0,800,0.002765632953147494
0.001,1600,0.0010391298546942882
0.0,1600,0.0019918308143143165
