Noise,N,0
0.001,100,-32.879225523453194
0.0,100,-26.532398180950715
0.001,200,-111.55949870417759
0.0,200,-61.2577411332194
0.001,400,-284.71253376567023
0.0,400,-43.945852859662224
0.001,800,-196.44382493567588
0.0,800,-563.4437507583506
0.001,1600,-1742.526302542752
0.0,1600,-1480.8413801439428
