Noise,N,0
0.0,100,-112.89295978510258
0.025,100,-91.36269803189478
0.0,200,-166.5395280645279
0.025,200,-182.03574603622718
0.0,400,-280.3112378460216
0.025,400,-287.6778396446502
0.0,800,-367.51234509207984
0.025,800,-334.2300427609625
0.0,1600,-464.47224993233084
0.025,1600,-344.6090777422333
