Noise,N,0
0.001,100,1.7264061600751752
0.0,100,1.3939566083044588
0.001,200,1.5024408599433707
0.0,200,1.3774053950286955
0.001,400,0.8444871912494485
0.0,400,1.3320664926471308
0.001,800,1.6458983189097376
0.0,800,0.7730950678469689
0.001,1600,0.6745905306967082
0.0,1600,0.399465271481836
