Noise,N,0
0.001,100,1.403847804254709
0.0,100,1.0086411389523413
0.001,200,1.4899355799620682
0.0,200,1.3463909516902972
0.001,400,0.6849613617284593
0.0,400,1.226835669638194
0.001,800,1.6091164001445977
0.0,800,0.7694048914943791
0.001,1600,0.5520753807420771
0.0,1600,0.3765011851092162
