Noise,N,0
0.001,100,-29.951646859028138
0.0,100,-14.60167811921455
0.001,200,-99.9675905611442
0.0,200,-45.18512391872465
0.001,400,-283.95400940775835
0.0,400,-9.886956569334117
0.001,800,-115.21381777853563
0.0,800,-568.8178219953487
0.001,1600,-1820.1378788126435
0.0,1600,-1902.1016808339689
