Noise,N,0
0.0,100,-119.22835198349787
0.025,100,-99.35746917535509
0.0,200,-220.02650910812233
0.025,200,-234.61249550346267
0.0,400,-385.5908539399888
0.025,400,-448.09639209700987
0.0,800,-825.3822748856533
0.025,800,-814.1648962439352
0.0,1600,-1631.5888725414666
0.025,1600,-1740.800269727018
