Noise,N,0
0.0,100,1.1566143820385189
0.001,100,2.180040329692617
0.0,200,1.9302629948604504
0.001,200,1.5669745360663339
0.0,400,2.0049892158413267
0.001,400,2.601974040470184
0.0,800,3.191583228891316
0.001,800,3.2304336143372736
0.0,1600,2.667003209055152
0.001,1600,3.0682889916526763
