Noise,N,0
0.001,100,0.011658187581510408
0.0,100,0.004789394150483111
0.001,200,0.0058753043847462475
0.0,200,0.010668171082937564
0.001,400,0.0019238106175037926
0.0,400,0.007070756977249033
0.001,800,0.006975295045902701
0.0,800,0.002679916292699227
0.001,1600,0.000925438202629066
0.0,1600,0.0008412585464154582
