Noise,N,0
0.0,100,0.5382857569800947
0.001,100,0.5101203479222629
0.0,200,800915.7037492195
0.001,200,0.4901689260143065
0.0,400,0.3775907919634976
0.001,400,0.42685638634027795
0.0,800,196437.1043966206
0.001,800,439692.15953781107
0.0,1600,0.98906303209822
0.001,1600,0.9909409467858236
