Noise,N,0
0.0,100,1e-05
0.025,100,0.001221758054253765
0.0,200,1e-05
0.025,200,0.0012282260108738455
0.0,400,1e-05
0.025,400,0.0012509471377991589
0.0,800,1e-05
0.025,800,0.0012462538289603818
0.0,1600,1e-05
0.025,1600,0.0012511341203082626
