Noise,N,0
0.0,100,-507.3024516143505
0.001,100,-433.34059859217
0.0,200,-1043.8153152891473
0.001,200,-942.1111752950391
0.0,400,-2277.973288516661
0.001,400,-1956.8807654287061
0.0,800,-4499.369274112378
0.001,800,-3878.576670096242
0.0,1600,-5561.246813356831
0.001,1600,-4834.676534302706
