Noise,N,0
0.0,100,-507.30312916368484
0.001,100,-434.9860138863616
0.0,200,-692.7715014403855
0.001,200,-943.4582086112393
0.0,400,-2279.735497236717
0.001,400,-1957.1718129407639
0.0,800,-2840.9666413564223
0.001,800,-1143.849052328218
0.0,1600,-9437.694952077814
0.001,1600,-8108.502679245209
