Noise,N,0
0.0,100,0.5383889309563124
0.001,100,0.5097166404771099
0.0,200,800915.7084745247
0.001,200,0.490531889451494
0.0,400,0.4517574494576788
0.001,400,0.4283332717104172
0.0,800,196414.33316169953
0.001,800,439692.15954595344
0.0,1600,0.3936347522532566
0.001,1600,0.37606159273833467
