Noise,N,0
0.0,100,0.538345838823653
0.001,100,0.4917198418111797
0.0,200,800915.7027702141
0.001,200,0.4251424194447475
0.0,400,0.4516893372821199
0.001,400,0.3615144354178648
0.0,800,196414.333116008
0.001,800,439692.15954597
0.0,1600,0.3935762197291727
0.001,1600,0.3760617441745228
