Noise,N,0
0.0,100,0.7074406199740138
0.001,100,0.6809240273616203
0.0,200,182319.0374199884
0.001,200,0.6975423170287984
0.0,400,0.6985286836286082
0.001,400,0.6840059497650928
0.0,800,506.5794538096077
0.001,800,99025.71855370556
0.0,1600,0.6935304155794435
0.001,1600,0.6791145743844328
