Noise,N,0
0.0,100,-507.30273705371366
0.001,100,-435.16746431873634
0.0,200,-692.7021419016023
0.001,200,-940.8446371280161
0.0,400,-2279.734989259277
0.001,400,-1954.145222843036
0.0,800,-2840.8457318228197
0.001,800,-1139.0256482294562
0.0,1600,-9437.693900530827
0.001,1600,-8108.5021092438565
