Noise,N,0
0.0,100,1e-06
0.001,100,1.8629767558824741e-06
0.0,200,0.4996903315989986
0.001,200,1.9059826494459598e-06
0.0,400,1e-06
0.001,400,2.0012495517039774e-06
0.0,800,0.36423850541237707
0.001,800,0.9745907330706124
0.0,1600,1e-06
0.001,1600,1.98686243743372e-06
