Noise,N,0
0.001,100,-50.89651812214543
0.0,100,-55.04198194674817
0.001,200,-18.76278192428028
0.0,200,-10.116185326373651
0.001,400,-440.6676020010883
0.0,400,-449.4082447631528
0.001,800,-1817.4205196788132
0.0,800,-1824.8259592155487
0.001,1600,-5243.580620920244
0.0,1600,-5379.591076705327
