Noise,N,0
0.001,100,1.8933369335443435
0.0,100,1.9036703373432269
0.001,200,1.5082301399520814
0.0,200,1.431018190671819
0.001,400,1.1380005936537252
0.0,400,1.2670336282661798
0.001,800,0.9611520998463348
0.0,800,1.1719360784791415
0.001,1600,0.6941029284660535
0.0,1600,0.92564764318997
