Noise,N,0
0.0,100,-55.87379843757611
0.025,100,-50.724507254802774
0.0,200,-11.79641988539509
0.025,200,-6.576255757498558
0.0,400,-463.93156732917373
0.025,400,-434.7088346492197
0.0,800,-1818.854304215925
0.025,800,-1843.169353145573
0.0,1600,-5360.615314234947
0.025,1600,-3072.336686867807
