Noise,N,0
0.0,100,0.0001759663654448634
0.001,100,2.0141827500583758e-05
0.0,200,0.0009352063404653909
0.001,200,3.1103167272944696e-06
0.0,400,1e-06
0.001,400,1e-12
0.0,800,1e-06
0.001,800,3.338540696197931e-08
0.0,1600,1e-06
0.001,1600,5.003726686811213e-05
