Noise,N,0
0.001,100,0.0007192535034380536
0.0,100,0.0011637106050327072
0.001,200,2.1198028072907446e-06
0.0,200,1e-06
0.001,400,1.0000358500516934e-12
0.0,400,1e-06
0.001,800,1.0026032634148697e-12
0.0,800,1e-06
0.001,1600,2.8964861804291265e-08
0.0,1600,1e-06
