Noise,N,0
0.001,100,-50.67231573413425
0.0,100,-55.2189623637501
0.001,200,-19.15992136820465
0.0,200,-10.183802358068924
0.001,400,-439.46551945467553
0.0,400,-449.4159294775514
0.001,800,-1750.5131417178561
0.0,800,-1824.8496664335505
0.001,1600,-5475.672605214152
0.0,1600,-5431.130114706676
