Noise,N,0
0.0,100,1.2674679916351126
0.025,100,1.7291908440049435
0.0,200,1.3774658119889456
0.025,200,1.267186185230953
0.0,400,1.212152955812301
0.025,400,0.9909851906846444
0.0,800,1.1498399412640727
0.025,800,0.8769755487328417
0.0,1600,1.1206695733492542
0.025,1600,1.022413343847532
