Noise,N,0
0.0,100,-92.55887938898857
0.025,100,-56.385796504739005
0.0,200,-6.235512052422514
0.025,200,-105.72923217128536
0.0,400,-406.2271653982867
0.025,400,-298.55247027834275
0.0,800,-1347.8660895650855
0.025,800,-850.2183863533015
0.0,1600,-4620.607374818275
0.025,1600,-2040.6629025758086
