Noise,N,0
0.0,100,0.4950005127605411
0.001,100,1.0176138984348854e-12
0.0,200,0.0009545291598958936
0.001,200,0.4975031350463743
0.0,400,3.6082820139327994e-06
0.001,400,1.0037848573395212e-12
0.0,800,0.4993755327943158
0.001,800,0.3917986905763652
0.0,1600,1e-06
0.001,1600,0.4996874849790002
