Noise,N,0
0.0,100,0.7505223308973059
0.001,100,1.3528308463822456
0.0,200,2.0418990821061813
0.001,200,0.7851048845766307
0.0,400,1.055418100094932
0.001,400,1.07380652222756
0.0,800,0.5985996325688652
0.001,800,8194.46908084485
0.0,1600,0.9953650270422724
0.001,1600,0.4996875389387632
