Noise,N,0
0.0,100,0.062396228118037994
0.001,100,1e-12
0.0,200,1e-06
0.001,200,1.462533022503937e-06
0.0,400,1e-06
0.001,400,1.0744853354330205e-06
0.0,800,1e-06
0.001,800,1.045996204814142e-06
0.0,1600,5.049807908933939e-05
0.001,1600,9.899127353146022e-07
