Noise,N,0
0.0,100,0.9675857166323718
0.001,100,0.9278538825092028
0.0,200,0.9251197333326162
0.001,200,211.33140425747186
0.0,400,0.8619002851863238
0.001,400,0.8084156570581507
0.0,800,0.7496670059728849
0.001,800,10.268913501361986
0.0,1600,20727.90519598961
0.001,1600,461.92308224366343
