Noise,N,0
0.0,100,-124.95960615555086
0.001,100,-146.26320795458054
0.0,200,-577.1991839855095
0.001,200,-389.9078519843187
0.0,400,-1590.593240256885
0.001,400,-1471.7788299796948
0.0,800,-3782.669135794359
0.001,800,-3308.3278559803966
0.0,1600,-4287.632775055357
0.001,1600,-7423.267342807992
