Noise,N,0
0.0,100,-125.49443677234244
0.001,100,-144.10403747365126
0.0,200,-576.9309790175073
0.001,200,-532.213794814709
0.0,400,-1028.8337085492014
0.001,400,-1472.1623296920093
0.0,800,-3782.6549628548432
0.001,800,-2343.7290896424693
0.0,1600,-2273.657382677436
0.001,1600,-4860.081200950398
