Noise,N,0
0.0,100,0.411523306021664
0.001,100,0.7311626276401595
0.0,200,0.3999302892477881
0.001,200,0.4051109959732958
0.0,400,0.3606260603331016
0.001,400,0.4101008965543534
0.0,800,0.5331558849124665
0.001,800,0.1659347256936678
0.0,1600,20727.06357646729
0.001,1600,513.3425664798879
