Noise,N,0,1
0.0,100,0.8340331457972447,0.481132896107545
0.025,100,0.444050047672554,0.2540854398309492
0.0,200,0.8165337982162253,0.4976531463966589
0.025,200,0.23243674587100044,0.2264118519734512
0.0,400,0.8101814909097957,0.49574257487733603
0.025,400,0.13764018465328287,0.16518315782967655
0.0,800,0.8048348890055029,0.5020654111547206
0.025,800,0.0324360030999387,0.08619779251902285
0.0,1600,0.39807290731361705,0.25501492118786595
0.025,1600,0.24821744955967665,0.03224660166260061
