Noise,N,0
0.0,100,1e-05
0.025,100,0.00046412127304199386
0.0,200,1e-05
0.025,200,0.0005791518458512384
0.0,400,1e-05
0.025,400,0.0006512275652880391
0.0,800,0.26310480679705084
0.025,800,0.4996835243184058
0.0,1600,0.4956409142823514
0.025,1600,0.0007139814245895504
