Noise,N,0
0.0,100,0.4997235837049355
0.001,100,0.2486185389906479
0.0,200,0.4933768054183532
0.001,200,0.500807386830452
0.0,400,0.516708960144274
0.001,400,0.5020483550735464
0.0,800,0.4957318394176777
0.001,800,0.7266145133214879
0.0,1600,0.9993800134000136
0.001,1600,0.4918237512007552
