Noise,N,0
0.0,100,0.9756894915952056
0.001,100,0.9151624078679248
0.0,200,0.9218690681136674
0.001,200,0.973649157918472
0.0,400,0.6095293061237721
0.001,400,0.8105825888983351
0.0,800,0.7497215398426141
0.001,800,0.3312268547825668
0.0,1600,20727.06357649713
0.001,1600,513.514085145801
