Noise,N,0
0.0,100,-126.65295595471173
0.001,100,-132.1715013066698
0.0,200,-577.9098925677174
0.001,200,-532.1935254498294
0.0,400,-1028.8337709807986
0.001,400,-1471.963596803726
0.0,800,-3782.6555499626033
0.001,800,-2343.7330992672837
0.0,1600,-2274.0492687822625
0.001,1600,-4830.166177853255
