Noise,N,0
0.0,100,0.9808865306390298
0.025,100,0.5365336466556747
0.0,200,1.0702181849634158
0.025,200,0.5053886936532506
0.0,400,0.9109078001801764
0.025,400,0.4931786638625005
0.0,800,0.8667107758425208
0.025,800,0.7636005842008344
0.0,1600,0.8911277488087137
0.025,1600,0.4906177847217848
