Noise,N,0
0.0,100,0.5807716946024151
0.001,100,0.30572293155689656
0.0,200,0.6457211462275858
0.001,200,0.7222333156255831
0.0,400,0.7002602886732567
0.001,400,0.7539532988430682
0.0,800,0.5335209518312158
0.001,800,83.76099626328666
0.0,1600,69096.16927028305
0.001,1600,0.7511710751593379
