Noise,N,0
0.0,100,-115.04199071323076
0.001,100,-128.14486697965498
0.0,200,-222.3833749514177
0.001,200,-223.68140209474686
0.0,400,-446.79665829988386
0.001,400,-440.9309348051146
0.0,800,-874.733384573546
0.001,800,-984.6902533730723
0.0,1600,-2274.1833516926786
0.001,1600,-1741.1827098855085
