Noise,N,0
0.0,100,-134.09005827408208
0.025,100,-130.4508639717557
0.0,200,-231.84873387002875
0.025,200,-221.58191207815503
0.0,400,-317.8013197303032
0.025,400,-465.5548402049882
0.0,800,-682.6013059012594
0.025,800,-386.37499419904475
0.0,1600,-857.9399581341243
0.025,1600,-409.02946948439336
