Noise,N,0
0.001,100,1.3953207367697549
0.0,100,1.7767147735479696
0.001,200,1.5991612196997356
0.0,200,1.834192618157295
0.001,400,1.5831177273782369
0.0,400,1.385934581572242
0.001,800,1.9518436268987636
0.0,800,1.8467603614987385
0.001,1600,1.6189500692617094
0.0,1600,1.5398837946784965
