Noise,N,0
0.0,100,0.0001001348767272916
0.001,100,0.07422647934018116
0.0,200,5.0442353472346996e-05
0.001,200,2.9793859785417102e-09
0.0,400,0.0010693610620489456
0.001,400,0.00010002981114463708
0.0,800,0.0011470048734380164
0.001,800,0.0003012650937422702
0.0,1600,3.840865282336947e-06
0.001,1600,5.5423243478385986e-05
