Noise,N,0
0.0,100,1.0622804935940249
0.025,100,1.0739546140411005
0.0,200,1.0064957710790718
0.025,200,1.029228833204735
0.0,400,1.04713030602571
0.025,400,1.0186017075211784
0.0,800,1.0492050683996574
0.025,800,0.9450154808473888
0.0,1600,0.990689296566705
0.025,1600,0.9519251015805359
