Noise,N,0
0.001,100,1.5378144975607115
0.0,100,1.843547165420152
0.001,200,1.6410093019642364
0.0,200,1.4750574367632983
0.001,400,1.5766941358137667
0.0,400,1.5744201295127558
0.001,800,1.7502094746375767
0.0,800,1.587198546908452
0.001,1600,1.6119349980527855
0.0,1600,1.30370678019122
