Noise,N,0
0.0,100,-129.00990499166448
0.025,100,-115.33301128182285
0.0,200,-178.83580680321475
0.025,200,-196.4789935259973
0.0,400,-250.5574125262757
0.025,400,-512.5646261619981
0.0,800,-122.92663729176633
0.025,800,-24.59045949597612
0.0,1600,-1335.4864760813182
0.025,1600,-930.9255341271277
