Noise,N,0
0.001,100,2.9258251584802132e-08
0.0,100,0.07801939562613758
0.001,200,4.698221163335149e-09
0.0,200,1.0037962434957727e-06
0.001,400,1.0362606986612918e-09
0.0,400,0.0016990990439015718
0.001,800,0.003985977184896344
0.0,800,0.0005706367239050235
0.001,1600,0.0003089643471455467
0.0,1600,0.00028312745558714433
