Noise,N,0
0.0,100,-129.00990263829948
0.001,100,-127.68029820754765
0.0,200,-272.02045859977034
0.001,200,-265.5511539931112
0.0,400,-468.293903158172
0.001,400,-524.8277711073923
0.0,800,-904.3514012511412
0.001,800,-585.968798913444
0.0,1600,-1116.5432036284303
0.001,1600,-1334.9893794724412
