Noise,N,0
0.0,100,0.8890689802562007
0.001,100,0.7923670738437322
0.0,200,0.7269902060757296
0.001,200,0.7530339968743409
0.0,400,0.40011356947294585
0.001,400,0.5215899425315399
0.0,800,0.3845632275624649
0.001,800,0.4423265871364404
0.0,1600,0.2957603400268506
0.001,1600,0.3208806792017593
