Noise,N,0
0.0,100,0.021625154311101177
0.001,100,0.001984671211339975
0.0,200,0.0010218621597897779
0.001,200,0.0004078413272596831
0.0,400,1.4756608374864413e-06
0.001,400,9.27022585891122e-06
0.0,800,4.8808632908215e-06
0.001,800,2.6857948260396863e-06
0.0,1600,1e-06
0.001,1600,2.108827010565253e-06
