Noise,N,0
0.0,100,-86.16562572723448
0.001,100,-49.61393210358389
0.0,200,-96.67945206487863
0.001,200,-17.733630374869822
0.0,400,-659.5109864422798
0.001,400,-481.85749421391967
0.0,800,-861.2522893913631
0.001,800,-909.5686208955037
0.0,1600,-6194.728367674366
0.001,1600,-5235.349491973639
