Noise,N,0
0.0,100,-504.21050677594894
0.001,100,-247.3354204684486
0.0,200,-1093.4320791254086
0.001,200,-933.4300523327963
0.0,400,-2277.301312807284
0.001,400,-1953.8459899301008
0.0,800,-4662.142265785329
0.001,800,-4007.121766000529
0.0,1600,-9431.154647351335
0.001,1600,-8099.6588359151365
