Noise,N,0
0.0,100,0.7104727548231201
0.025,100,0.005092889323190624
0.0,200,0.7098859564004909
0.025,200,0.005700334919561061
0.0,400,0.7053070633813109
0.025,400,0.0013651508134467107
0.0,800,0.7052774494845526
0.025,800,0.0013056715806943847
0.0,1600,0.7018391100611754
0.025,1600,6.485380284860389e-10
