Noise,N,0
0.0,100,0.4879842054225759
0.001,100,0.5243590169278539
0.0,200,0.37837412305546575
0.001,200,0.5835944948471183
0.0,400,0.4152106828758768
0.001,400,0.4356239379094728
0.0,800,0.4033809307289098
0.001,800,0.4236437722728681
0.0,1600,0.3349474828762541
0.001,1600,0.29331936791501434
