Noise,N,0
0.0,100,1e-06
0.001,100,1.2408873055333252e-06
0.0,200,1e-06
0.001,200,2.19953846008196e-06
0.0,400,1e-06
0.001,400,2.0487847066619283e-06
0.0,800,1e-06
0.001,800,1.979537432110061e-06
0.0,1600,1e-06
0.001,1600,2.0238029638699188e-06
