Noise,N,0
0.0,100,-503.74315639189575
0.001,100,-367.9019374807691
0.0,200,-1091.2551347757947
0.001,200,-933.4062575134219
0.0,400,-2277.178509591662
0.001,400,-1953.800925056045
0.0,800,-4662.13882072502
0.001,800,-4007.118369378792
0.0,1600,-9430.162882775276
0.001,1600,-8086.010082648438
