Noise,N,0
0.0,100,0.5291367002889698
0.001,100,0.6377494491854481
0.0,200,0.4726133479005442
0.001,200,0.5863000114404637
0.0,400,0.42362992829788393
0.001,400,0.44019957596623904
0.0,800,0.4036229707397037
0.001,800,0.42364850975479096
0.0,1600,0.3727442459627409
0.001,1600,0.41862106477587735
