Noise,N,0
0.0,100,0.006055692388727161
0.025,100,0.006264519057148843
0.0,200,0.002945397459915647
0.025,200,0.0013557119353881585
0.0,400,0.00955321212966493
0.025,400,0.00789866693964912
0.0,800,0.0084488593651318
0.025,800,0.005715721017207798
0.0,1600,0.006004240106047482
0.025,1600,0.0073025264985272014
