Noise,N,0
0.001,100,-88.18106018203846
0.0,100,-92.25677200469282
0.001,200,-163.82728456217134
0.0,200,-148.2107625800018
0.001,400,-275.8748942122346
0.0,400,-197.29617152552726
0.001,800,-340.87813460002917
0.0,800,-318.5650155135303
0.001,1600,-290.93342425561366
0.0,1600,-240.2511529344836
