Noise,N,0
0.001,100,1.7616787889173775
0.0,100,2.1443184312949564
0.001,200,1.896824791325889
0.0,200,2.032153691626459
0.001,400,1.86203428245056
0.0,400,2.425363982872358
0.001,800,2.1258304136847537
0.0,800,2.39862541748581
0.001,1600,1.9308433209721076
0.0,1600,2.0010325839921594
