Noise,N,0
0.0,100,1.96439308338934
0.025,100,1.654561894403637
0.0,200,1.5251192792763244
0.025,200,1.1975542711431235
0.0,400,1.2623792720761615
0.025,400,1.3143843747140058
0.0,800,1.2258695898071403
0.025,800,1.0917761314309498
0.0,1600,1.0538371914442228
0.025,1600,1.1138595963019733
