Noise,N,0
0.0,100,-92.30671558280045
0.025,100,-83.31276402844793
0.0,200,-164.46262933619752
0.025,200,-178.131844172145
0.0,400,-344.45909459254335
0.025,400,-340.4857229931381
0.0,800,-675.321510543451
0.025,800,-641.6832766897031
0.0,1600,-1247.179652623158
0.025,1600,-1199.0633676800396
