Noise,N,0
0.001,100,-88.55532151827916
0.0,100,-93.21771715408751
0.001,200,-163.7318953030343
0.0,200,-147.35090771499918
0.001,400,-274.24026779715905
0.0,400,-196.94863726271117
0.001,800,-340.87349538975565
0.0,800,-318.8898743274453
0.001,1600,-291.1650444428429
0.0,1600,-240.34662823499616
