Noise,N,0
0.001,100,1.6634650275179053
0.0,100,1.9698017309032627
0.001,200,1.9124801140145464
0.0,200,2.1269632563642493
0.001,400,2.0620123323381683
0.0,400,2.449081194820523
0.001,800,2.12149643571999
0.0,800,2.39674567769682
0.001,1600,1.9309171248464496
0.0,1600,2.000034620587689
