Noise,N,0
0.001,100,0.018994827195736558
0.0,100,0.002877634308892439
0.001,200,1.3177358436818739e-09
0.0,200,0.00639541926926892
0.001,400,0.009508391121588649
0.0,400,0.005008881224461372
0.001,800,0.0077942564108769785
0.0,800,0.010795800641878218
0.001,1600,0.005204138089299343
0.0,1600,0.005807044983244534
