Noise,N,0
0.13739061872412758,100,1.0
0.07043360569629047,100,1.0
0.014656653213887186,100,1.0
0.1440351717781424,200,1.0
0.06926268647752573,200,1.0
0.014134517170754056,200,1.0
0.14122280363219653,400,1.0
0.0706122058593459,400,1.0
0.014299172916431175,400,1.0
0.1377814890502813,800,1.0
0.07150611448875592,800,1.0
0.014234079326417385,800,1.0
0.14003669304096866,1600,1.0
0.07040585375029043,1600,1.0
0.014080445040041707,1600,1.0
